record_id,true_label,top1_pred,AP,RR,nDCG,latency_ms,P@1,P@5,R@1,R@5,R@10
609,1161364,1161364,1.0,1.0,1.0,1.8913759849965572,1.0,0.2,0.16666666666666666,0.16666666666666666,0.16666666666666666
912,1161364,1161364,1.0,1.0,1.0,1.5721980016678572,1.0,0.2,0.16666666666666666,0.16666666666666666,0.16666666666666666
2,1176823,66971,0.3333333333333333,0.3333333333333333,0.5,1.7132279463112354,0.0,0.2,0.0,0.16666666666666666,0.16666666666666666
203,1595929,1595929,1.0,1.0,1.0,1.692105084657669,1.0,0.2,0.25,0.25,0.25
4,209233,greant1,0.0,0.0,0.0,1.3483180664479733,0.0,0.0,0.0,0.0,0.0
1065,22930,25092,0.5,0.5,0.6309297535714575,1.4065790455788374,0.0,0.2,0.0,0.2,0.2
6,22956,22956,1.0,1.0,1.0,1.6163471154868603,1.0,0.2,0.16666666666666666,0.16666666666666666,0.16666666666666666
1436,22956,22956,1.0,1.0,1.0,1.4811248984187841,1.0,0.2,0.16666666666666666,0.16666666666666666,0.16666666666666666
304,22961,1595929,0.0,0.0,0.0,1.609566155821085,0.0,0.0,0.0,0.0,0.0
244,22967,22967,1.0,1.0,1.0,1.547778956592083,1.0,0.2,0.16666666666666666,0.16666666666666666,0.16666666666666666
1184,22967,22967,1.0,1.0,1.0,1.940363086760044,1.0,0.2,0.16666666666666666,0.16666666666666666,0.16666666666666666
458,22973,brnowl,0.5,0.5,0.6309297535714575,1.5241520013660192,0.0,0.2,0.0,0.16666666666666666,0.16666666666666666
654,22973,brnowl,0.5,0.5,0.6309297535714575,1.4845198020339012,0.0,0.2,0.0,0.16666666666666666,0.16666666666666666
208,22983,22983,1.0,1.0,1.0,1.5589070972055197,1.0,0.2,0.16666666666666666,0.16666666666666666,0.16666666666666666
818,22983,22983,1.0,1.0,1.0,1.766660949215293,1.0,0.2,0.16666666666666666,0.16666666666666666,0.16666666666666666
11,22985,brnowl,0.0,0.0,0.0,1.3935989700257778,0.0,0.0,0.0,0.0,0.0
386,23154,23154,1.0,1.0,1.0,1.6493378207087517,1.0,0.2,0.25,0.25,0.25
588,23158,23158,1.0,1.0,1.0,1.4064789284020662,1.0,0.2,0.16666666666666666,0.16666666666666666,0.16666666666666666
660,23176,23176,1.0,1.0,1.0,1.4212420210242271,1.0,0.2,0.3333333333333333,0.3333333333333333,0.3333333333333333
204,24279,socfly1,0.0,0.0,0.0,1.3397540897130966,0.0,0.0,0.0,0.0,0.0
629,24279,24279,1.0,1.0,1.0,1.4337298925966024,1.0,0.2,0.16666666666666666,0.16666666666666666,0.16666666666666666
551,24285,24285,1.0,1.0,1.0,1.5147780068218708,1.0,0.2,0.16666666666666666,0.16666666666666666,0.16666666666666666
19,24287,24287,1.0,1.0,1.0,1.658763037994504,1.0,0.2,0.16666666666666666,0.16666666666666666,0.16666666666666666
20,24321,1595929,0.0,0.0,0.0,1.5642950311303139,0.0,0.0,0.0,0.0,0.0
800,244024,244024,1.0,1.0,1.0,1.5701039228588343,1.0,0.2,0.16666666666666666,0.16666666666666666,0.16666666666666666
22,25092,326272,0.25,0.25,0.43067655807339306,1.6582119278609753,0.0,0.2,0.0,0.16666666666666666,0.16666666666666666
289,25092,22983,0.0,0.0,0.0,1.4646290801465511,0.0,0.0,0.0,0.0,0.0
23,25214,25214,1.0,1.0,1.0,1.4988020993769169,1.0,0.2,0.5,0.5,0.5
255,326272,23158,0.25,0.25,0.43067655807339306,1.65773113258183,0.0,0.2,0.0,0.16666666666666666,0.16666666666666666
1413,326272,23154,0.5,0.5,0.6309297535714575,1.8232499714940786,0.0,0.2,0.0,0.16666666666666666,0.16666666666666666
25,43435,43435,1.0,1.0,1.0,1.5764040872454643,1.0,0.2,0.16666666666666666,0.16666666666666666,0.16666666666666666
420,43435,43435,1.0,1.0,1.0,1.7253770492970943,1.0,0.2,0.16666666666666666,0.16666666666666666,0.16666666666666666
209,47144,houspa,0.0,0.0,0.0,1.3792160898447037,0.0,0.0,0.0,0.0,0.0
549,47144,roahaw,0.0,0.0,0.0,1.3547181151807308,0.0,0.0,0.0,0.0,0.0
27,476521,horscr1,0.0,0.0,0.0,1.4000991359353065,0.0,0.0,0.0,0.0,0.0
579,555123,65380,0.1111111111111111,0.1111111111111111,0.3010299956639812,1.8225980456918478,0.0,0.0,0.0,0.0,0.5
30,555145,grepot1,0.5,0.5,0.6309297535714575,1.8140559550374746,0.0,0.2,0.0,0.16666666666666666,0.16666666666666666
596,555146,555146,1.0,1.0,1.0,1.4966297894716263,1.0,0.2,0.16666666666666666,0.16666666666666666,0.16666666666666666
370,64898,64898,1.0,1.0,1.0,1.7150100320577621,1.0,0.2,0.5,0.5,0.5
879,65377,41970,0.0,0.0,0.0,1.6497180331498384,0.0,0.0,0.0,0.0,0.0
1001,65377,65377,1.0,1.0,1.0,1.7759159673005342,1.0,0.2,0.16666666666666666,0.16666666666666666,0.16666666666666666
1067,65380,1595929,0.5,0.5,0.6309297535714575,1.7331689596176147,0.0,0.2,0.0,0.16666666666666666,0.16666666666666666
1330,65380,25092,0.25,0.25,0.43067655807339306,1.7495439387857914,0.0,0.2,0.0,0.16666666666666666,0.16666666666666666
807,66971,66971,1.0,1.0,1.0,1.8565820064395666,1.0,0.2,0.25,0.25,0.25
965,67107,67107,1.0,1.0,1.0,1.7663110047578812,1.0,0.2,0.16666666666666666,0.16666666666666666,0.16666666666666666
1382,67107,shcfly1,0.0,0.0,0.0,1.3771820813417435,0.0,0.0,0.0,0.0,0.0
384,67252,67252,1.0,1.0,1.0,1.5496828127652407,1.0,0.2,0.2,0.2,0.2
301,70711,trsowl,0.0,0.0,0.0,1.450818032026291,0.0,0.0,0.0,0.0,0.0
408,738183,738183,1.0,1.0,1.0,1.7293740529567003,1.0,0.2,0.25,0.25,0.25
454,74113,y00678,0.0,0.0,0.0,1.355248037725687,0.0,0.0,0.0,0.0,0.0
1404,74113,74113,1.0,1.0,1.0,1.278037903830409,1.0,0.2,0.16666666666666666,0.16666666666666666,0.16666666666666666
249,74580,flawar1,0.0,0.0,0.0,1.5648258849978447,0.0,0.0,0.0,0.0,0.0
42,760266,760266,1.0,1.0,1.0,1.7889360897243023,1.0,0.2,0.16666666666666666,0.16666666666666666,0.16666666666666666
43,ashgre1,326272,0.0,0.0,0.0,1.3977850321680307,0.0,0.0,0.0,0.0,0.0
1300,ashgre1,ashgre1,1.0,1.0,1.0,1.6620780806988478,1.0,0.2,0.16666666666666666,0.16666666666666666,0.16666666666666666
44,astcra1,astcra1,1.0,1.0,1.0,1.7644171603024006,1.0,0.2,0.16666666666666666,0.16666666666666666,0.16666666666666666
568,bafcur1,bafcur1,1.0,1.0,1.0,1.7400998622179031,1.0,0.2,0.16666666666666666,0.16666666666666666,0.16666666666666666
599,bafcur1,blheag1,0.0,0.0,0.0,1.4153020456433296,0.0,0.0,0.0,0.0,0.0
46,baffal1,mabpar,0.3333333333333333,0.3333333333333333,0.5,1.4208010397851467,0.0,0.2,0.0,0.16666666666666666,0.16666666666666666
688,banana,banana,1.0,1.0,1.0,1.5324258711189032,1.0,0.2,0.16666666666666666,0.16666666666666666,0.16666666666666666
1287,banana,strher2,0.3333333333333333,0.3333333333333333,0.5,1.6545760445296764,0.0,0.2,0.0,0.16666666666666666,0.16666666666666666
253,barant1,greant1,0.0,0.0,0.0,1.3258918188512325,0.0,0.0,0.0,0.0,0.0
490,batbel1,batbel1,1.0,1.0,1.0,1.438407925888896,1.0,0.2,0.16666666666666666,0.16666666666666666,0.16666666666666666
1180,batbel1,batbel1,1.0,1.0,1.0,1.32435979321599,1.0,0.2,0.16666666666666666,0.16666666666666666,0.16666666666666666
393,baymac,baymac,1.0,1.0,1.0,1.7998542170971632,1.0,0.2,0.16666666666666666,0.16666666666666666,0.16666666666666666
1169,bbwduc,bbwduc,1.0,1.0,1.0,1.7257870640605688,1.0,0.2,0.16666666666666666,0.16666666666666666,0.16666666666666666
953,bcwfin2,whbwar2,0.0,0.0,0.0,2.196142915636301,0.0,0.0,0.0,0.0,0.0
993,bcwfin2,bcwfin2,1.0,1.0,1.0,1.7826459370553493,1.0,0.2,0.16666666666666666,0.16666666666666666,0.16666666666666666
643,bkcdon,1161364,0.3333333333333333,0.3333333333333333,0.5,1.6578319482505322,0.0,0.2,0.0,0.16666666666666666,0.16666666666666666
54,bkhpar,orwpar,0.2,0.2,0.38685280723454163,1.4354640152305365,0.0,0.2,0.0,0.16666666666666666,0.16666666666666666
719,blchaw1,blchaw1,1.0,1.0,1.0,1.7309058457612991,1.0,0.2,0.16666666666666666,0.16666666666666666,0.16666666666666666
421,blheag1,blheag1,1.0,1.0,1.0,1.5011271461844444,1.0,0.2,0.2,0.2,0.2
830,blttit1,blttit1,1.0,1.0,1.0,1.8082060851156712,1.0,0.2,0.16666666666666666,0.16666666666666666,0.16666666666666666
510,bncfly,bncfly,1.0,1.0,1.0,1.7996130045503378,1.0,0.2,0.16666666666666666,0.16666666666666666,0.16666666666666666
59,bobfly1,rumfly1,0.5,0.5,0.6309297535714575,1.700707944110036,0.0,0.2,0.0,0.16666666666666666,0.16666666666666666
1307,bobfly1,compot1,0.2,0.2,0.38685280723454163,1.4135490637272596,0.0,0.2,0.0,0.16666666666666666,0.16666666666666666
614,brcmar1,chacha1,0.16666666666666666,0.16666666666666666,0.3562071871080222,1.9155240152031183,0.0,0.0,0.0,0.0,0.2
621,brnowl,yehcar1,0.1111111111111111,0.1111111111111111,0.3010299956639812,1.6180691309273243,0.0,0.0,0.0,0.0,0.16666666666666666
918,brnowl,y00678,0.0,0.0,0.0,1.3044988736510277,0.0,0.0,0.0,0.0,0.0
62,bucmot4,bucmot4,1.0,1.0,1.0,1.7355631571263075,1.0,0.2,0.2,0.2,0.2
355,bucpar,limpki,0.125,0.125,0.31546487678572877,1.478870864957571,0.0,0.0,0.0,0.0,0.16666666666666666
1089,bucpar,bucpar,1.0,1.0,1.0,1.7460198141634464,1.0,0.2,0.16666666666666666,0.16666666666666666,0.16666666666666666
64,bufpar,bufpar,1.0,1.0,1.0,1.4173358213156462,1.0,0.2,0.16666666666666666,0.16666666666666666,0.16666666666666666
1030,bunibi1,pluibi1,0.0,0.0,0.0,1.3805581256747246,0.0,0.0,0.0,0.0,0.0
608,burowl,burowl,1.0,1.0,1.0,1.3814389239996672,1.0,0.2,0.16666666666666666,0.16666666666666666,0.16666666666666666
922,burowl,bncfly,0.1,0.1,0.2890648263178879,1.6797850839793682,0.0,0.0,0.0,0.0,0.16666666666666666
829,camfli1,camfli1,1.0,1.0,1.0,1.943828072398901,1.0,0.2,0.16666666666666666,0.16666666666666666,0.16666666666666666
1040,camfli1,74113,0.14285714285714285,0.14285714285714285,0.3333333333333333,1.5609909314662218,0.0,0.0,0.0,0.0,0.16666666666666666
409,chacha1,chacha1,1.0,1.0,1.0,1.7963380087167025,1.0,0.2,0.16666666666666666,0.16666666666666666,0.16666666666666666
973,chacha1,chacha1,1.0,1.0,1.0,1.823429949581623,1.0,0.2,0.16666666666666666,0.16666666666666666,0.16666666666666666
722,chbmoc1,chbmoc1,1.0,1.0,1.0,1.8909152131527662,1.0,0.2,0.16666666666666666,0.16666666666666666,0.16666666666666666
1079,chbmoc1,chbmoc1,1.0,1.0,1.0,1.6155149787664413,1.0,0.2,0.16666666666666666,0.16666666666666666,0.16666666666666666
332,chobla1,chobla1,1.0,1.0,1.0,1.8497109413146973,1.0,0.2,0.16666666666666666,0.16666666666666666,0.16666666666666666
1219,chobla1,chobla1,1.0,1.0,1.0,1.9501082133501768,1.0,0.2,0.16666666666666666,0.16666666666666666,0.16666666666666666
71,chvcon1,yebela1,0.5,0.5,0.6309297535714575,1.715752063319087,0.0,0.2,0.0,0.16666666666666666,0.16666666666666666
307,chvcon1,flawar1,0.0,0.0,0.0,1.646213000640273,0.0,0.0,0.0,0.0,0.0
874,cibspi1,cibspi1,1.0,1.0,1.0,1.796778989955783,1.0,0.2,0.16666666666666666,0.16666666666666666,0.16666666666666666
1405,cibspi1,cibspi1,1.0,1.0,1.0,1.8826730083674192,1.0,0.2,0.16666666666666666,0.16666666666666666,0.16666666666666666
73,coffal1,strowl1,0.0,0.0,0.0,1.7358132172375917,0.0,0.0,0.0,0.0,0.0
1102,coffal1,coffal1,1.0,1.0,1.0,1.6082338988780975,1.0,0.2,0.16666666666666666,0.16666666666666666,0.16666666666666666
942,compau,compau,1.0,1.0,1.0,1.8509430810809135,1.0,0.2,0.2,0.2,0.2
75,compot1,compau,0.5,0.5,0.6309297535714575,1.5198849141597748,0.0,0.2,0.0,0.16666666666666666,0.16666666666666666
824,compot1,y00678,0.0,0.0,0.0,1.3754898682236671,0.0,0.0,0.0,0.0,0.0
243,crbthr1,crbthr1,1.0,1.0,1.0,1.7027310095727444,1.0,0.2,0.16666666666666666,0.16666666666666666,0.16666666666666666
1353,crbthr1,crbthr1,1.0,1.0,1.0,1.8679099157452583,1.0,0.2,0.16666666666666666,0.16666666666666666,0.16666666666666666
1233,crebec1,crebec1,1.0,1.0,1.0,1.572858076542616,1.0,0.2,0.16666666666666666,0.16666666666666666,0.16666666666666666
1428,dwatin1,dwatin1,1.0,1.0,1.0,1.7512571066617966,1.0,0.2,0.16666666666666666,0.16666666666666666,0.16666666666666666
882,epaori4,roahaw,0.0,0.0,0.0,1.7755350563675165,0.0,0.0,0.0,0.0,0.0
1029,epaori4,paltan1,0.0,0.0,0.0,1.3906930107623339,0.0,0.0,0.0,0.0,0.0
478,eulfly1,eulfly1,1.0,1.0,1.0,1.4904600102454424,1.0,0.2,0.16666666666666666,0.16666666666666666,0.16666666666666666
81,fabwre1,fabwre1,1.0,1.0,1.0,1.9075819291174412,1.0,0.2,0.16666666666666666,0.16666666666666666,0.16666666666666666
610,fabwre1,brnowl,0.0,0.0,0.0,1.3932178262621164,0.0,0.0,0.0,0.0,0.0
82,fepowl,244024,0.3333333333333333,0.3333333333333333,0.5,1.5146280638873577,0.0,0.2,0.0,0.16666666666666666,0.16666666666666666
83,ficman1,ficman1,1.0,1.0,1.0,1.8638239707797766,1.0,0.2,0.16666666666666666,0.16666666666666666,0.16666666666666666
594,ficman1,ficman1,1.0,1.0,1.0,1.8983669579029083,1.0,0.2,0.16666666666666666,0.16666666666666666,0.16666666666666666
223,flawar1,flawar1,1.0,1.0,1.0,1.6310799401253462,1.0,0.2,0.16666666666666666,0.16666666666666666,0.16666666666666666
690,flawar1,flawar1,1.0,1.0,1.0,1.422403147444129,1.0,0.2,0.16666666666666666,0.16666666666666666,0.16666666666666666
1042,fotfly,lesgrf1,0.5,0.5,0.6309297535714575,1.4095939695835114,0.0,0.2,0.0,0.16666666666666666,0.16666666666666666
1209,fotfly,strher2,0.0,0.0,0.0,1.703272107988596,0.0,0.0,0.0,0.0,0.0
618,fusfly1,fusfly1,1.0,1.0,1.0,1.8053920939564705,1.0,0.2,0.2,0.2,0.2
413,gilhum1,gilhum1,1.0,1.0,1.0,1.425829017534852,1.0,0.2,0.16666666666666666,0.16666666666666666,0.16666666666666666
1140,gilhum1,platyr1,0.5,0.5,0.6309297535714575,1.6330031212419271,0.0,0.2,0.0,0.16666666666666666,0.16666666666666666
88,giwrai1,giwrai1,1.0,1.0,1.0,1.888741971924901,1.0,0.2,0.16666666666666666,0.16666666666666666,0.16666666666666666
346,giwrai1,chacha1,0.0,0.0,0.0,1.3610378373414278,0.0,0.0,0.0,0.0,0.0
1350,glteme1,glteme1,1.0,1.0,1.0,1.724445028230548,1.0,0.2,0.2,0.2,0.2
895,grasal3,grasal3,1.0,1.0,1.0,1.8394750077277422,1.0,0.2,0.16666666666666666,0.16666666666666666,0.16666666666666666
877,greani1,batbel1,0.25,0.25,0.43067655807339306,1.7343410290777683,0.0,0.2,0.0,0.16666666666666666,0.16666666666666666
1339,greani1,24321,0.5,0.5,0.6309297535714575,1.585348043590784,0.0,0.2,0.0,0.16666666666666666,0.16666666666666666
1060,greant1,greant1,1.0,1.0,1.0,1.428362913429737,1.0,0.2,0.16666666666666666,0.16666666666666666,0.16666666666666666
1249,greant1,greant1,1.0,1.0,1.0,1.8036090768873692,1.0,0.2,0.16666666666666666,0.16666666666666666,0.16666666666666666
93,greela,trokin,0.16666666666666666,0.16666666666666666,0.3562071871080222,1.5442529693245888,0.0,0.0,0.0,0.0,0.16666666666666666
1138,greela,eulfly1,0.0,0.0,0.0,1.7560550477355719,0.0,0.0,0.0,0.0,0.0
94,grekis,grekis,1.0,1.0,1.0,1.522590173408389,1.0,0.2,0.16666666666666666,0.16666666666666666,0.16666666666666666
1311,grekis,bncfly,0.2,0.2,0.38685280723454163,1.4697271399199963,0.0,0.2,0.0,0.16666666666666666,0.16666666666666666
352,grepot1,compot1,0.3333333333333333,0.3333333333333333,0.5,1.7973589710891247,0.0,0.2,0.0,0.16666666666666666,0.16666666666666666
1381,grepot1,74113,0.0,0.0,0.0,1.6192609909921885,0.0,0.0,0.0,0.0,0.0
446,gretho2,gretho2,1.0,1.0,1.0,1.5826940070837736,1.0,0.2,0.16666666666666666,0.16666666666666666,0.16666666666666666
684,gretho2,gretho2,1.0,1.0,1.0,1.5237820334732533,1.0,0.2,0.16666666666666666,0.16666666666666666,0.16666666666666666
637,greyel,y00678,0.0,0.0,0.0,1.3299789279699326,0.0,0.0,0.0,0.0,0.0
1418,greyel,y00678,0.0,0.0,0.0,1.2805319856852293,0.0,0.0,0.0,0.0,0.0
543,grfdov1,grfdov1,1.0,1.0,1.0,1.5856691170483828,1.0,0.2,0.16666666666666666,0.16666666666666666,0.16666666666666666
1338,grfdov1,grfdov1,1.0,1.0,1.0,1.5927089843899012,1.0,0.2,0.16666666666666666,0.16666666666666666,0.16666666666666666
377,grhtan1,stbwoo2,0.5,0.5,0.6309297535714575,1.7364840023219585,0.0,0.2,0.0,0.16666666666666666,0.16666666666666666
410,grhtan1,trsowl,0.5,0.5,0.6309297535714575,1.5694031026214361,0.0,0.2,0.0,0.16666666666666666,0.16666666666666666
345,gycwor1,gycwor1,1.0,1.0,1.0,1.9165559206157923,1.0,0.2,0.16666666666666666,0.16666666666666666,0.16666666666666666
1059,horscr1,horscr1,1.0,1.0,1.0,1.4700780156999826,1.0,0.2,0.16666666666666666,0.16666666666666666,0.16666666666666666
792,houspa,houspa,1.0,1.0,1.0,1.5089190565049648,1.0,0.2,0.16666666666666666,0.16666666666666666,0.16666666666666666
1147,houspa,greant1,0.3333333333333333,0.3333333333333333,0.5,1.2802109122276306,0.0,0.2,0.0,0.16666666666666666,0.16666666666666666
816,hyamac1,hyamac1,1.0,1.0,1.0,1.4176659751683474,1.0,0.2,0.16666666666666666,0.16666666666666666,0.16666666666666666
1053,larela1,larela1,1.0,1.0,1.0,1.9570491276681423,1.0,0.2,0.16666666666666666,0.16666666666666666,0.16666666666666666
1176,larela1,larela1,1.0,1.0,1.0,1.8906858749687672,1.0,0.2,0.16666666666666666,0.16666666666666666,0.16666666666666666
552,lesela1,lesela1,1.0,1.0,1.0,1.8370209727436304,1.0,0.2,0.16666666666666666,0.16666666666666666,0.16666666666666666
593,lesela1,lesela1,1.0,1.0,1.0,1.8127129878848791,1.0,0.2,0.16666666666666666,0.16666666666666666,0.16666666666666666
457,limpki,limpki,1.0,1.0,1.0,1.3967931736260653,1.0,0.2,0.16666666666666666,0.16666666666666666,0.16666666666666666
1223,limpki,limpki,1.0,1.0,1.0,1.447632908821106,1.0,0.2,0.16666666666666666,0.16666666666666666,0.16666666666666666
353,linwoo1,grhtan1,0.0,0.0,0.0,1.8541680183261633,0.0,0.0,0.0,0.0,0.0
1281,linwoo1,whiwoo1,0.5,0.5,0.6309297535714575,1.5375129878520966,0.0,0.2,0.0,0.16666666666666666,0.16666666666666666
1218,litcuc2,blttit1,0.0,0.0,0.0,1.594172092154622,0.0,0.0,0.0,0.0,0.0
784,litnig1,litnig1,1.0,1.0,1.0,1.8574330024421215,1.0,0.2,0.16666666666666666,0.16666666666666666,0.16666666666666666
661,mabpar,mabpar,1.0,1.0,1.0,1.6868370585143566,1.0,0.2,0.16666666666666666,0.16666666666666666,0.16666666666666666
1415,mabpar,bbwduc,0.0,0.0,0.0,1.723043853417039,0.0,0.0,0.0,0.0,0.0
708,magant1,magant1,1.0,1.0,1.0,1.751517876982689,1.0,0.2,0.16666666666666666,0.16666666666666666,0.16666666666666666
625,magtan2,strcuc1,0.0,0.0,0.0,1.8032591324299574,0.0,0.0,0.0,0.0,0.0
1070,magtan2,trokin,0.0,0.0,0.0,1.4763870276510715,0.0,0.0,0.0,0.0,0.0
727,masgna1,y00678,0.0,0.0,0.0,1.304808771237731,0.0,0.0,0.0,0.0,0.0
406,ocecra1,ocecra1,1.0,1.0,1.0,1.5600689221173525,1.0,0.2,0.16666666666666666,0.16666666666666666,0.16666666666666666
1148,oliwoo1,yeofly1,0.3333333333333333,0.3333333333333333,0.5,1.6786239575594664,0.0,0.2,0.0,0.16666666666666666,0.16666666666666666
751,orbtro3,orbtro3,1.0,1.0,1.0,1.648196019232273,1.0,0.2,0.16666666666666666,0.16666666666666666,0.16666666666666666
790,orbtro3,ruftof1,0.0,0.0,0.0,1.9425859209150076,0.0,0.0,0.0,0.0,0.0
1175,orwpar,orwpar,1.0,1.0,1.0,1.8837552051991224,1.0,0.2,0.16666666666666666,0.16666666666666666,0.16666666666666666
1391,orwpar,socfly1,0.0,0.0,0.0,1.365744974464178,0.0,0.0,0.0,0.0,0.0
667,osprey,greant1,0.0,0.0,0.0,1.2986198998987675,0.0,0.0,0.0,0.0,0.0
1240,osprey,grekis,0.0,0.0,0.0,1.312391133978963,0.0,0.0,0.0,0.0,0.0
703,pabspi1,pabspi1,1.0,1.0,1.0,1.7548620235174894,1.0,0.2,0.16666666666666666,0.16666666666666666,0.16666666666666666
309,palhor3,palhor3,1.0,1.0,1.0,1.5779261011630297,1.0,0.2,0.16666666666666666,0.16666666666666666,0.16666666666666666
744,palhor3,orwpar,0.0,0.0,0.0,1.3580229133367538,0.0,0.0,0.0,0.0,0.0
121,paltan1,paltan1,1.0,1.0,1.0,1.6562789678573608,1.0,0.2,0.16666666666666666,0.16666666666666666,0.16666666666666666
852,paltan1,trsowl,0.125,0.125,0.31546487678572877,1.646784134209156,0.0,0.0,0.0,0.0,0.16666666666666666
122,phecuc1,47144,0.5,0.5,0.6309297535714575,1.4853919856250286,0.0,0.2,0.0,0.16666666666666666,0.16666666666666666
1238,phecuc1,flawar1,0.0,0.0,0.0,1.3181311078369617,0.0,0.0,0.0,0.0,0.0
499,picpig2,gycwor1,0.14285714285714285,0.14285714285714285,0.3333333333333333,1.3177990913391113,0.0,0.0,0.0,0.0,0.16666666666666666
925,picpig2,grfdov1,0.14285714285714285,0.14285714285714285,0.3333333333333333,1.4909200835973024,0.0,0.0,0.0,0.0,0.16666666666666666
844,pirfly1,chvcon1,0.25,0.25,0.43067655807339306,1.7698369920253754,0.0,0.2,0.0,0.16666666666666666,0.16666666666666666
125,plasla1,plasla1,1.0,1.0,1.0,1.4945268630981445,1.0,0.2,0.2,0.2,0.2
126,platyr1,platyr1,1.0,1.0,1.0,1.5736399218440056,1.0,0.2,0.16666666666666666,0.16666666666666666,0.16666666666666666
270,platyr1,platyr1,1.0,1.0,1.0,1.6370490193367004,1.0,0.2,0.16666666666666666,0.16666666666666666,0.16666666666666666
222,plcjay1,gycwor1,0.0,0.0,0.0,1.2922689784318209,0.0,0.0,0.0,0.0,0.0
1006,plcjay1,paltan1,0.0,0.0,0.0,1.5788080636411905,0.0,0.0,0.0,0.0,0.0
873,pluibi1,pluibi1,1.0,1.0,1.0,1.330189174041152,1.0,0.2,0.16666666666666666,0.16666666666666666,0.16666666666666666
129,purjay1,purjay1,1.0,1.0,1.0,1.7672819085419178,1.0,0.2,0.16666666666666666,0.16666666666666666,0.16666666666666666
740,purjay1,purjay1,1.0,1.0,1.0,1.4741439372301102,1.0,0.2,0.16666666666666666,0.16666666666666666,0.16666666666666666
1145,pvttyr1,greant1,0.3333333333333333,0.3333333333333333,0.5,1.38802919536829,0.0,0.2,0.0,0.16666666666666666,0.16666666666666666
442,ragmac1,ragmac1,1.0,1.0,1.0,1.4033529441803694,1.0,0.2,0.16666666666666666,0.16666666666666666,0.16666666666666666
781,ragmac1,baymac,0.25,0.25,0.43067655807339306,1.6233979258686304,0.0,0.2,0.0,0.16666666666666666,0.16666666666666666
132,rebscy1,rebscy1,1.0,1.0,1.0,1.7542720306664705,1.0,0.2,0.16666666666666666,0.16666666666666666,0.16666666666666666
1237,rebscy1,wesfie1,0.16666666666666666,0.16666666666666666,0.3562071871080222,1.7541118431836367,0.0,0.0,0.0,0.0,0.16666666666666666
400,recfin1,recfin1,1.0,1.0,1.0,1.8800690304487944,1.0,0.2,0.16666666666666666,0.16666666666666666,0.16666666666666666
1088,recfin1,23158,0.5,0.5,0.6309297535714575,1.6374799888581038,0.0,0.2,0.0,0.16666666666666666,0.16666666666666666
245,redjun,grhtan1,0.125,0.125,0.31546487678572877,1.6085139941424131,0.0,0.0,0.0,0.0,0.16666666666666666
556,redjun,redjun,1.0,1.0,1.0,1.4124379958957434,1.0,0.2,0.16666666666666666,0.16666666666666666,0.16666666666666666
240,relser1,relser1,1.0,1.0,1.0,1.5354901552200317,1.0,0.2,0.16666666666666666,0.16666666666666666,0.16666666666666666
606,rinkin1,rinkin1,1.0,1.0,1.0,1.725928159430623,1.0,0.2,0.16666666666666666,0.16666666666666666,0.16666666666666666
1027,rinkin1,rinkin1,1.0,1.0,1.0,1.865306170657277,1.0,0.2,0.16666666666666666,0.16666666666666666,0.16666666666666666
137,rivwar1,rivwar1,1.0,1.0,1.0,1.855039969086647,1.0,0.2,0.16666666666666666,0.16666666666666666,0.16666666666666666
622,rivwar1,rivwar1,1.0,1.0,1.0,1.6553970053792,1.0,0.2,0.16666666666666666,0.16666666666666666,0.16666666666666666
344,roahaw,roahaw,1.0,1.0,1.0,1.797820907086134,1.0,0.2,0.16666666666666666,0.16666666666666666,0.16666666666666666
620,roahaw,compot1,0.1111111111111111,0.1111111111111111,0.3010299956639812,1.7566359601914883,0.0,0.0,0.0,0.0,0.16666666666666666
482,rubthr1,rubthr1,1.0,1.0,1.0,1.8565221689641476,1.0,0.2,0.16666666666666666,0.16666666666666666,0.16666666666666666
1423,rubthr1,rubthr1,1.0,1.0,1.0,1.5859189443290234,1.0,0.2,0.16666666666666666,0.16666666666666666,0.16666666666666666
368,rufcac2,rufcac2,1.0,1.0,1.0,1.5356000512838364,1.0,0.2,0.16666666666666666,0.16666666666666666,0.16666666666666666
756,rufcac2,ruftho1,0.0,0.0,0.0,1.6224561259150505,0.0,0.0,0.0,0.0,0.0
343,rufgna3,rufgna3,1.0,1.0,1.0,1.7605021130293608,1.0,0.2,0.16666666666666666,0.16666666666666666,0.16666666666666666
649,rufhor2,rufhor2,1.0,1.0,1.0,1.6025248914957047,1.0,0.2,0.16666666666666666,0.16666666666666666,0.16666666666666666
381,rufnig1,rufnig1,1.0,1.0,1.0,1.6949200071394444,1.0,0.2,0.16666666666666666,0.16666666666666666,0.16666666666666666
1290,ruftho1,ruftho1,1.0,1.0,1.0,1.7086209263652563,1.0,0.2,0.16666666666666666,0.16666666666666666,0.16666666666666666
145,ruftof1,ruftof1,1.0,1.0,1.0,1.7098630778491497,1.0,0.2,0.3333333333333333,0.3333333333333333,0.3333333333333333
375,rumfly1,rumfly1,1.0,1.0,1.0,1.88571703620255,1.0,0.2,0.16666666666666666,0.16666666666666666,0.16666666666666666
687,rumfly1,rumfly1,1.0,1.0,1.0,1.7879148945212364,1.0,0.2,0.16666666666666666,0.16666666666666666,0.16666666666666666
903,ruther1,redjun,0.14285714285714285,0.14285714285714285,0.3333333333333333,1.6669658944010735,0.0,0.0,0.0,0.0,0.2
148,rutjac1,rutjac1,1.0,1.0,1.0,1.4376479666680098,1.0,0.2,0.16666666666666666,0.16666666666666666,0.16666666666666666
1121,rutjac1,rutjac1,1.0,1.0,1.0,1.7046951688826084,1.0,0.2,0.16666666666666666,0.16666666666666666,0.16666666666666666
799,sabspa1,sabspa1,1.0,1.0,1.0,1.5658780466765165,1.0,0.2,0.16666666666666666,0.16666666666666666,0.16666666666666666
1398,sabspa1,sabspa1,1.0,1.0,1.0,1.7670709639787674,1.0,0.2,0.16666666666666666,0.16666666666666666,0.16666666666666666
263,saffin,platyr1,0.3333333333333333,0.3333333333333333,0.5,1.6896610613912344,0.0,0.2,0.0,0.16666666666666666,0.16666666666666666
770,saffin,gretho2,0.5,0.5,0.6309297535714575,1.7946448642760515,0.0,0.2,0.0,0.16666666666666666,0.16666666666666666
758,saytan1,saytan1,1.0,1.0,1.0,1.6860361211001873,1.0,0.2,0.16666666666666666,0.16666666666666666,0.16666666666666666
805,scadov1,yecpar,0.0,0.0,0.0,1.7319670878350735,0.0,0.0,0.0,0.0,0.0
1248,scadov1,whnjay1,0.125,0.125,0.31546487678572877,1.5856181271374226,0.0,0.0,0.0,0.0,0.16666666666666666
775,schpar1,schpar1,1.0,1.0,1.0,1.704314025118947,1.0,0.2,0.16666666666666666,0.16666666666666666,0.16666666666666666
1026,schpar1,schpar1,1.0,1.0,1.0,1.7279209569096565,1.0,0.2,0.16666666666666666,0.16666666666666666,0.16666666666666666
876,scther1,scther1,1.0,1.0,1.0,1.805752981454134,1.0,0.2,0.16666666666666666,0.16666666666666666,0.16666666666666666
449,shcfly1,shcfly1,1.0,1.0,1.0,1.7228429205715656,1.0,0.2,0.16666666666666666,0.16666666666666666,0.16666666666666666
615,shcfly1,shcfly1,1.0,1.0,1.0,1.7829870339483023,1.0,0.2,0.16666666666666666,0.16666666666666666,0.16666666666666666
896,shshaw,greant1,0.0,0.0,0.0,1.3069019187241793,0.0,0.0,0.0,0.0,0.0
1111,shshaw,flawar1,0.0,0.0,0.0,1.56501610763371,0.0,0.0,0.0,0.0,0.0
473,shtnig1,shtnig1,1.0,1.0,1.0,1.680716872215271,1.0,0.2,0.2,0.2,0.2
1159,sibtan2,sibtan2,1.0,1.0,1.0,1.512062968686223,1.0,0.2,0.16666666666666666,0.16666666666666666,0.16666666666666666
159,smbani,smbani,1.0,1.0,1.0,1.5764341223984957,1.0,0.2,0.16666666666666666,0.16666666666666666,0.16666666666666666
623,smbani,smbani,1.0,1.0,1.0,1.5131649561226368,1.0,0.2,0.16666666666666666,0.16666666666666666,0.16666666666666666
1239,smbtin1,shshaw,0.0,0.0,0.0,1.4686351642012596,0.0,0.0,0.0,0.0,0.0
161,sobcac1,scadov1,0.1111111111111111,0.1111111111111111,0.3010299956639812,1.8950519151985645,0.0,0.0,0.0,0.0,0.16666666666666666
324,sobcac1,rufcac2,0.0,0.0,0.0,1.7668220680207014,0.0,0.0,0.0,0.0,0.0
162,sobtyr1,sabspa1,0.5,0.5,0.6309297535714575,1.7397990450263023,0.0,0.2,0.0,0.16666666666666666,0.16666666666666666
878,sobtyr1,compot1,0.0,0.0,0.0,1.2903870083391666,0.0,0.0,0.0,0.0,0.0
746,socfly1,yebela1,0.0,0.0,0.0,1.8736680503934622,0.0,0.0,0.0,0.0,0.0
834,socfly1,516975,0.0,0.0,0.0,1.4687860384583473,0.0,0.0,0.0,0.0,0.0
713,sofspi1,sofspi1,1.0,1.0,1.0,1.8655259627848864,1.0,0.2,0.2,0.2,0.2
528,souant1,souant1,1.0,1.0,1.0,1.588391838595271,1.0,0.2,0.16666666666666666,0.16666666666666666,0.16666666666666666
166,soulap1,chobla1,0.0,0.0,0.0,1.4411818701773882,0.0,0.0,0.0,0.0,0.0
1188,soulap1,soulap1,1.0,1.0,1.0,1.460161991417408,1.0,0.2,0.16666666666666666,0.16666666666666666,0.16666666666666666
376,souscr1,souscr1,1.0,1.0,1.0,1.8094880506396294,1.0,0.2,0.16666666666666666,0.16666666666666666,0.16666666666666666
1124,souscr1,souscr1,1.0,1.0,1.0,1.4041438698768616,1.0,0.2,0.16666666666666666,0.16666666666666666,0.16666666666666666
168,spbant3,whtdov,0.0,0.0,0.0,1.5019068960100412,0.0,0.0,0.0,0.0,0.0
1123,spbant3,plasla1,0.0,0.0,0.0,1.5583760105073452,0.0,0.0,0.0,0.0,0.0
1133,spispi1,y00678,0.14285714285714285,0.14285714285714285,0.3333333333333333,1.3484579976648092,0.0,0.0,0.0,0.0,0.16666666666666666
1359,spispi1,spispi1,1.0,1.0,1.0,1.5969460364431143,1.0,0.2,0.16666666666666666,0.16666666666666666,0.16666666666666666
385,sptnig1,sptnig1,1.0,1.0,1.0,1.535228919237852,1.0,0.2,0.5,0.5,0.5
899,squcuc1,squcuc1,1.0,1.0,1.0,1.7367249820381403,1.0,0.2,0.16666666666666666,0.16666666666666666,0.16666666666666666
1326,squcuc1,22973,0.0,0.0,0.0,1.8340169917792082,0.0,0.0,0.0,0.0,0.0
1091,stbwoo2,ruftof1,0.0,0.0,0.0,1.9395221024751663,0.0,0.0,0.0,0.0,0.0
1163,stbwoo2,larela1,0.0,0.0,0.0,1.913591055199504,0.0,0.0,0.0,0.0,0.0
699,strcuc1,strcuc1,1.0,1.0,1.0,1.5561820473521948,1.0,0.2,0.16666666666666666,0.16666666666666666,0.16666666666666666
1093,strcuc1,strcuc1,1.0,1.0,1.0,1.4559859409928322,1.0,0.2,0.16666666666666666,0.16666666666666666,0.16666666666666666
557,strher2,giwrai1,0.125,0.125,0.31546487678572877,1.5498318243771791,0.0,0.0,0.0,0.0,0.16666666666666666
1286,strher2,strher2,1.0,1.0,1.0,1.4022421091794968,1.0,0.2,0.16666666666666666,0.16666666666666666,0.16666666666666666
1100,strowl1,shshaw,0.25,0.25,0.43067655807339306,1.3751389924436808,0.0,0.2,0.0,0.16666666666666666,0.16666666666666666
1262,strowl1,spispi1,0.0,0.0,0.0,1.730835996568203,0.0,0.0,0.0,0.0,0.0
917,swthum1,trsowl,0.0,0.0,0.0,1.3650842010974884,0.0,0.0,0.0,0.0,0.0
642,swtman1,swtman1,1.0,1.0,1.0,1.6040981281548738,1.0,0.2,0.16666666666666666,0.16666666666666666,0.16666666666666666
712,tattin1,tattin1,1.0,1.0,1.0,1.3816291466355324,1.0,0.2,0.16666666666666666,0.16666666666666666,0.16666666666666666
963,tattin1,greela,0.5,0.5,0.6309297535714575,1.7403298988938332,0.0,0.2,0.0,0.16666666666666666,0.16666666666666666
946,thlwre1,blchaw1,0.3333333333333333,0.3333333333333333,0.5,1.8364409916102886,0.0,0.2,0.0,0.2,0.2
1158,toctou1,chvcon1,0.0,0.0,0.0,1.722011948004365,0.0,0.0,0.0,0.0,0.0
1344,trokin,trokin,1.0,1.0,1.0,1.752127893269062,1.0,0.2,0.16666666666666666,0.16666666666666666,0.16666666666666666
749,trsowl,gycwor1,0.5,0.5,0.6309297535714575,1.5308430884033442,0.0,0.2,0.0,0.16666666666666666,0.16666666666666666
1257,undtin1,shtnig1,0.5,0.5,0.6309297535714575,1.3891011476516724,0.0,0.2,0.0,0.25,0.25
184,varant1,varant1,1.0,1.0,1.0,1.9309581257402897,1.0,0.2,0.16666666666666666,0.16666666666666666,0.16666666666666666
202,varant1,varant1,1.0,1.0,1.0,1.695259939879179,1.0,0.2,0.16666666666666666,0.16666666666666666,0.16666666666666666
522,watjac1,brnowl,0.0,0.0,0.0,1.3408458326011896,0.0,0.0,0.0,0.0,0.0
1224,wesfie1,whbwar2,0.1111111111111111,0.1111111111111111,0.3010299956639812,1.6560479998588562,0.0,0.0,0.0,0.0,0.16666666666666666
187,wfwduc1,wfwduc1,1.0,1.0,1.0,1.7547730822116137,1.0,0.2,0.16666666666666666,0.16666666666666666,0.16666666666666666
188,whbant2,whbant2,1.0,1.0,1.0,1.6487070824950933,1.0,0.2,0.2,0.2,0.2
379,whbwar2,whbwar2,1.0,1.0,1.0,1.474263845011592,1.0,0.2,0.16666666666666666,0.16666666666666666,0.16666666666666666
1324,whiwoo1,whwpic1,0.16666666666666666,0.16666666666666666,0.3562071871080222,1.8237598706036806,0.0,0.0,0.0,0.0,0.16666666666666666
191,whlspi1,whlspi1,1.0,1.0,1.0,1.8799081444740295,1.0,0.2,0.2,0.2,0.2
794,whnjay1,whnjay1,1.0,1.0,1.0,1.460192957893014,1.0,0.2,0.16666666666666666,0.16666666666666666,0.16666666666666666
1334,whnjay1,gycwor1,0.0,0.0,0.0,1.4773891307413578,0.0,0.0,0.0,0.0,0.0
715,whtdov,gretho2,0.16666666666666666,0.16666666666666666,0.3562071871080222,1.6226859297603369,0.0,0.0,0.0,0.0,0.16666666666666666
1056,whtdov,whtdov,1.0,1.0,1.0,1.5644249506294727,1.0,0.2,0.16666666666666666,0.16666666666666666,0.16666666666666666
308,whwpic1,whwpic1,1.0,1.0,1.0,1.6917749308049679,1.0,0.2,0.16666666666666666,0.16666666666666666,0.16666666666666666
870,whwpic1,whwpic1,1.0,1.0,1.0,1.9569990690797567,1.0,0.2,0.16666666666666666,0.16666666666666666,0.16666666666666666
535,y00678,chacha1,0.5,0.5,0.6309297535714575,1.398175023496151,0.0,0.2,0.0,0.16666666666666666,0.16666666666666666
1142,yebcar,yebcar,1.0,1.0,1.0,1.758368918672204,1.0,0.2,0.16666666666666666,0.16666666666666666,0.16666666666666666
1379,yebcar,houspa,0.0,0.0,0.0,1.3785248156636953,0.0,0.0,0.0,0.0,0.0
605,yebela1,compot1,0.0,0.0,0.0,1.5383539721369743,0.0,0.0,0.0,0.0,0.0
1409,yebela1,strcuc1,0.3333333333333333,0.3333333333333333,0.5,1.6751389484852552,0.0,0.2,0.0,0.16666666666666666,0.16666666666666666
659,yecmac,yecmac,1.0,1.0,1.0,1.8444329034537077,1.0,0.2,0.16666666666666666,0.16666666666666666,0.16666666666666666
1414,yecmac,yecmac,1.0,1.0,1.0,1.7695659771561623,1.0,0.2,0.16666666666666666,0.16666666666666666,0.16666666666666666
764,yecpar,mabpar,0.3333333333333333,0.3333333333333333,0.5,1.9030841067433357,0.0,0.2,0.0,0.16666666666666666,0.16666666666666666
418,yehcar1,roahaw,0.0,0.0,0.0,1.4675629790872335,0.0,0.0,0.0,0.0,0.0
1327,yehcar1,mabpar,0.0,0.0,0.0,1.3041491620242596,0.0,0.0,0.0,0.0,0.0
201,yeofly1,mabpar,0.1,0.1,0.2890648263178879,1.4734338037669659,0.0,0.0,0.0,0.0,0.2
219,rufcas2,rufcas2,1.0,1.0,1.0,1.6995659098029137,1.0,0.2,0.2,0.2,0.2
1186,nacnig1,22961,0.0,0.0,0.0,1.8519950099289417,0.0,0.0,0.0,0.0,0.0
1185,41970,y00678,0.3333333333333333,0.3333333333333333,0.5,1.7962581478059292,0.0,0.2,0.0,0.3333333333333333,0.3333333333333333
397,lesgrf1,22956,0.0,0.0,0.0,1.573328860104084,0.0,0.0,0.0,0.0,0.0
